Date,Adjusted Close
2014-11-24,79.25
2014-11-21,79.34
2014-11-20,79.14
2014-11-19,81.06
2014-11-18,82.6
2014-11-17,84.79
2014-11-14,85.58
2014-11-13,86.29
2014-11-12,83.1
2014-11-11,79.79
2014-11-10,79.7
2014-11-07,80.44
2014-11-06,83.42
2014-11-05,87.08
2014-11-04,92.44
2014-11-03,93.19
2014-10-31,94.1
2014-10-30,98.52
2014-10-29,99.34
2014-10-28,95.89
2014-10-27,100.75
2014-10-24,104.38
2014-10-23,102.05
2014-10-22,108.82
2014-10-21,104.09
2014-10-20,108.83
2014-10-17,118.84
2014-10-16,121.94
2014-10-15,129.01
2014-10-14,120.61
2014-10-13,131.57
2014-10-10,113.38
2014-10-09,102.13
2014-10-08,89.08
2014-10-07,99.2
2014-10-06,88.73
2014-10-03,87.77
2014-10-02,93.75
2014-10-01,98.12
2014-09-30,92.47
2014-09-29,95.02
2014-09-26,90.63
2014-09-25,96.72
2014-09-24,86.21
2014-09-23,91.9
2014-09-22,87.41
2014-09-19,77.7
2014-09-18,77.47
2014-09-17,81.52
2014-09-16,84.52
2014-09-15,91.58
2014-09-12,89.25
2014-09-11,83.1
2014-09-10,82.12
2014-09-09,79.3
2014-09-08,77.84
2014-09-05,77.33
2014-09-04,79.99
2014-09-03,80.77
2014-09-02,82.41
2014-08-29,81.11
2014-08-28,80.53
2014-08-27,78.85
2014-08-26,79.39
2014-08-25,79.33
2014-08-22,79.58
2014-08-21,79.61
2014-08-20,79.9
2014-08-19,80.84
2014-08-18,81.02
2014-08-15,82.2
2014-08-14,78.48
2014-08-13,81.27
2014-08-12,85.98
2014-08-11,87.54
2014-08-08,91.84
2014-08-07,97.4
2014-08-06,96.38
2014-08-05,98.32
2014-08-04,93.12
2014-08-01,101.11
2014-07-31,97.42
2014-07-30,83.58
2014-07-29,81.72
2014-07-28,81.21
2014-07-25,81.08
2014-07-24,77.66
2014-07-23,76.64
2014-07-22,75.22
2014-07-21,81.41
2014-07-18,80.37
2014-07-17,89.96
2014-07-16,75.81
2014-07-15,78.92
2014-07-14,77.29
2014-07-11,79.91
2014-07-10,82.14
2014-07-09,76.28
2014-07-08,73.21
2014-07-07,71.66
2014-07-03,68.35
2014-07-02,68.15
2014-07-01,69.28
2014-06-30,71.56
2014-06-27,72.72
2014-06-26,72.86
2014-06-25,72.31
2014-06-24,75.24
2014-06-23,72.58
2014-06-20,73.33
2014-06-19,73.41
2014-06-18,71.76
2014-06-17,78.41
2014-06-16,81.5
2014-06-13,79.81
2014-06-12,79.97
2014-06-11,74.21
2014-06-10,70.5
2014-06-09,70.88
2014-06-06,67.08
2014-06-05,65.47
2014-06-04,67.67
2014-06-03,68.19
2014-06-02,68.76
2014-05-30,67.95
2014-05-29,66.93
2014-05-28,67.37
2014-05-27,64.95
2014-05-23,66.86
2014-05-22,68.06
2014-05-21,66.56
2014-05-20,68.77
2014-05-19,67.58
2014-05-16,68.72
2014-05-15,71.6
2014-05-14,69.03
2014-05-13,61.76
2014-05-12,61.76
2014-05-09,61.76
2014-05-08,62.16
2014-05-07,62.64
2014-05-06,64.93
2014-05-05,64.4
2014-05-02,64.54
2014-05-01,64.5
2014-04-30,64.49
2014-04-29,65.47
2014-04-28,67.63
2014-04-25,70.49
2014-04-24,68.75
2014-04-23,66.22
2014-04-22,66.74
2014-04-21,68.62
2014-04-17,70.08
2014-04-16,72.08
2014-04-15,80.67
2014-04-14,82.2
2014-04-11,83.94
2014-04-10,78.56
2014-04-09,69.19
2014-04-08,71.43
2014-04-07,74.51
2014-04-04,69.53
2014-04-03,67.73
2014-04-02,67.33
2014-04-01,67.51
2014-03-31,72.2
2014-03-28,74.86
2014-03-27,74.71
2014-03-26,76.27
2014-03-25,74.77
2014-03-24,77.29
2014-03-21,78.64
2014-03-20,77.03
2014-03-19,81.35
2014-03-18,81.89
2014-03-17,87.79
2014-03-14,97.11
2014-03-13,92.14
2014-03-12,83.45
2014-03-11,85.12
2014-03-10,82.35
2014-03-07,83.07
2014-03-06,79.55
2014-03-05,80.52
2014-03-04,82.14
2014-03-03,92.84
2014-02-28,81.45
2014-02-27,78.94
2014-02-26,79.42
2014-02-25,76.46
2014-02-24,77.84
2014-02-21,78.96
2014-02-20,79.83
2014-02-19,86.23
2014-02-18,75.82
2014-02-14,77.49
2014-02-13,78.41
2014-02-12,79.56
2014-02-11,78.64
2014-02-10,79.89
2014-02-07,83.17
2014-02-06,92.58
2014-02-05,102.87
2014-02-04,100.4
2014-02-03,106.78
2014-01-31,99.66
2014-01-30,92.35
2014-01-29,92.47
2014-01-28,83.96
2014-01-27,93.5
2014-01-24,97.71
2014-01-23,78.25
2014-01-22,74.46
2014-01-21,77.78
2014-01-17,75.72
2014-01-16,73.98
2014-01-15,69.56
2014-01-14,69.31
2014-01-13,75.71
2014-01-10,67.74
2014-01-09,68.33
2014-01-08,68.33
2014-01-07,68.33
2014-01-06,68.33
2014-01-03,70.03
2014-01-02,73.14
2013-12-31,70.83
2013-12-30,69.71
2013-12-27,66.67
2013-12-26,62.71
2013-12-24,63.49
2013-12-23,63.49
2013-12-20,68
2013-12-19,67.03
2013-12-18,67.17
2013-12-17,82.23
2013-12-16,83.2
2013-12-13,85.39
2013-12-12,83.38
2013-12-11,80.55
2013-12-10,70.45
2013-12-09,70.45
2013-12-06,70.45
2013-12-05,75.8
2013-12-04,72.73
2013-12-03,73.21
2013-12-02,69.59
2013-11-29,64.81
2013-11-27,64.81
2013-11-26,65.14
2013-11-25,64.88
2013-11-22,63.77
2013-11-21,64.95
2013-11-20,69.05
2013-11-19,74.45
2013-11-18,75.06
2013-11-15,73.58
2013-11-14,71.91
2013-11-13,71.37
2013-11-12,69.39
2013-11-11,69.39
2013-11-08,69.39
2013-11-07,71.74
2013-11-06,67.41
2013-11-05,67.41
2013-11-04,67.09
2013-11-01,68.94
2013-10-31,69.44
2013-10-30,69.56
2013-10-29,68.52
2013-10-28,70.16
2013-10-25,70.03
2013-10-24,70.84
2013-10-23,72.43
2013-10-22,74.13
2013-10-21,75.02
2013-10-18,73.42
2013-10-17,72.7
2013-10-16,85.7
2013-10-15,103.37
2013-10-14,91.8
2013-10-11,90.85
2013-10-10,95.31
2013-10-09,111.43
2013-10-08,106.55
2013-10-07,103.08
2013-10-04,88.71
2013-10-03,93.79
2013-10-02,85.73
2013-10-01,76.43
2013-09-30,81.67
2013-09-27,74.93
2013-09-26,69.96
2013-09-25,73.08
2013-09-24,74.78
2013-09-23,77.56
2013-09-20,76.89
2013-09-19,73.22
2013-09-18,74.65
2013-09-17,79.49
2013-09-16,80.09
2013-09-13,79.73
2013-09-12,80.97
2013-09-11,78.4
2013-09-10,79.25
2013-09-09,83.46
2013-09-06,86.51
2013-09-05,85.8
2013-09-04,88.28
2013-09-03,90.66
2013-08-30,92.6
2013-08-29,91.49
2013-08-28,91.46
2013-08-27,92.36
2013-08-26,83.06
2013-08-23,80.02
2013-08-22,84.52
2013-08-21,90.38
2013-08-20,89.08
2013-08-19,86.91
2013-08-16,84.09
2013-08-15,86.21
2013-08-14,80.22
2013-08-13,78.94
2013-08-12,78.77
2013-08-09,77.33
2013-08-08,75.41
2013-08-07,76.57
2013-08-06,75.53
2013-08-05,69.74
2013-08-02,70.36
2013-08-01,71.1
2013-07-31,73.08
2013-07-30,74.35
2013-07-29,76.65
2013-07-26,76.54
2013-07-25,76.74
2013-07-24,76.8
2013-07-23,75.05
2013-07-22,72.49
2013-07-19,73.64
2013-07-18,74.68
2013-07-17,77.06
2013-07-16,80.84
2013-07-15,76.22
2013-07-12,76.14
2013-07-11,77.16
2013-07-10,79.54
2013-07-09,75.92
2013-07-08,75.49
2013-07-05,77.41
2013-07-03,82.72
2013-07-02,83.7
2013-07-01,84.89
2013-06-28,86.54
2013-06-27,86.05
2013-06-26,90.76
2013-06-25,94.83
2013-06-24,100.93
2013-06-21,96.1
2013-06-20,100.98
2013-06-19,88.59
2013-06-18,89.99
2013-06-17,90.45
2013-06-14,93.87
2013-06-13,95.08
2013-06-12,101.77
2013-06-11,92.32
2013-06-10,82.94
2013-06-07,84.19
2013-06-06,91.91
2013-06-05,93.18
2013-06-04,87.39
2013-06-03,86.99
2013-05-31,84.87
2013-05-30,80.22
2013-05-29,81.72
2013-05-28,82.65
2013-05-24,83.88
2013-05-23,87.4
2013-05-22,88.23
2013-05-21,88.04
2013-05-20,85.01
2013-05-17,84
2013-05-16,84.5
2013-05-15,83.15
2013-05-14,80.45
2013-05-13,80.45
2013-05-10,80.45
2013-05-09,81.14
2013-05-08,79.81
2013-05-07,78.86
2013-05-06,79.78
2013-05-03,80.91
2013-05-02,83.82
2013-05-01,88.11
2013-04-30,83.46
2013-04-29,84.42
2013-04-26,85.09
2013-04-25,85.89
2013-04-24,84.99
2013-04-23,85.16
2013-04-22,90.91
2013-04-19,95.52
2013-04-18,107.65
2013-04-17,105.26
2013-04-16,88.19
2013-04-15,104.62
2013-04-12,82.39
2013-04-11,83.37
2013-04-10,82.75
2013-04-09,82.04
2013-04-08,82.12
2013-04-05,84.49
2013-04-04,83.12
2013-04-03,85.23
2013-04-02,80.49
2013-04-01,84.23
2013-03-28,83.2
2013-03-27,85.32
2013-03-26,85.14
2013-03-25,88.86
2013-03-22,91.78
2013-03-21,93.98
2013-03-20,89.45
2013-03-19,94.39
2013-03-18,93.07
2013-03-15,85.72
2013-03-14,83.5
2013-03-13,84.36
2013-03-12,79.99
2013-03-11,77.32
2013-03-08,76.65
2013-03-07,77.16
2013-03-06,78.78
2013-03-05,79.32
2013-03-04,82.27
2013-03-01,87.83
2013-02-28,86.57
2013-02-27,82.29
2013-02-26,90.23
2013-02-25,94.34
2013-02-22,78.66
2013-02-21,80.83
2013-02-20,79.65
2013-02-19,70.45
2013-02-15,72.55
2013-02-14,72.99
2013-02-13,73.25
2013-02-12,73.83
2013-02-11,76.1
2013-02-08,74.42
2013-02-07,76.86
2013-02-06,77.24
2013-02-05,75.07
2013-02-04,77.79
2013-02-01,73.29
2013-01-31,76.72
2013-01-30,77.34
2013-01-29,73.61
2013-01-28,78.16
2013-01-25,76.92
2013-01-24,76.17
2013-01-23,71.86
2013-01-22,73.87
2013-01-18,73.43
2013-01-17,78.77
2013-01-16,77.26
2013-01-15,77.84
2013-01-14,78.28
2013-01-11,78.52
2013-01-10,77.49
2013-01-09,78.51
2013-01-08,78.37
2013-01-07,76.77
2013-01-04,75.18
2013-01-03,77.02
2013-01-02,78.77
2012-12-31,92.5
2012-12-28,104.72
2012-12-27,90.89
2012-12-26,92.17
2012-12-24,89.27
2012-12-21,87.7
2012-12-20,83.06
2012-12-19,83.33
2012-12-18,79.36
2012-12-17,82.1
2012-12-14,86.39
2012-12-13,86.74
2012-12-12,83.02
2012-12-11,78.7
2012-12-10,81.56
2012-12-07,80.74
2012-12-06,84.15
2012-12-05,82.98
2012-12-04,86.18
2012-12-03,84.07
2012-11-30,78.59
2012-11-29,78.42
2012-11-28,80.39
2012-11-27,84.17
2012-11-26,82.45
2012-11-23,82.86
2012-11-21,85.85
2012-11-20,85.93
2012-11-19,88.43
2012-11-16,90.27
2012-11-15,94.54
2012-11-14,94.66
2012-11-13,87.84
2012-11-12,90.54
2012-11-09,94.02
2012-11-08,93.39
2012-11-07,94.75
2012-11-06,87.56
2012-11-05,90.75
2012-11-02,87.84
2012-11-01,81.7
2012-10-31,90.23
2012-10-26,89.43
2012-10-25,91.86
2012-10-24,96.39
2012-10-23,99.66
2012-10-22,92.48
2012-10-19,92.63
2012-10-18,86.51
2012-10-17,85.6
2012-10-16,90.31
2012-10-15,92.92
2012-10-12,91.87
2012-10-11,90.74
2012-10-10,94.36
2012-10-09,88.53
2012-10-08,85.85
2012-10-05,83.1
2012-10-04,83.51
2012-10-03,87.56
2012-10-02,90.25
2012-10-01,92.51
2012-09-28,90.49
2012-09-27,88.24
2012-09-26,95.05
2012-09-25,92.79
2012-09-24,85.88
2012-09-21,87.9
2012-09-20,88.72
2012-09-19,88.61
2012-09-18,90.13
2012-09-17,92.95
2012-09-14,93.04
2012-09-13,87.81
2012-09-12,93.94
2012-09-11,92.39
2012-09-10,92.77
2012-09-07,82.24
2012-09-06,83.65
2012-09-05,90.15
2012-09-04,93.71
2012-08-31,93.3
2012-08-30,96.33
2012-08-29,94.71
2012-08-28,94.43
2012-08-27,94.89
2012-08-24,94.99
2012-08-23,98.4
2012-08-22,99.14
2012-08-21,97.41
2012-08-20,96.64
2012-08-17,95.02
2012-08-16,95.65
2012-08-15,97.95
2012-08-14,94.33
2012-08-13,89.58
2012-08-10,84.83
2012-08-09,83.91
2012-08-08,85.18
2012-08-07,86.87
2012-08-06,84.47
2012-08-03,84.5
2012-08-02,89.63
2012-08-01,94.23
2012-07-31,96.11
2012-07-30,94.74
2012-07-27,93.08
2012-07-26,98.59
2012-07-25,106.53
2012-07-24,111.65
2012-07-23,107.32
2012-07-20,100.61
2012-07-19,93.73
2012-07-18,94.03
2012-07-17,93.49
2012-07-16,94.21
2012-07-13,91.1
2012-07-12,95.22
2012-07-11,96.25
2012-07-10,94.91
2012-07-09,92.85
2012-07-06,90.1
2012-07-05,89.43
2012-07-03,84.59
2012-07-02,85.61
2012-06-29,89.59
2012-06-28,97.21
2012-06-27,98.11
2012-06-26,100.66
2012-06-25,104.46
2012-06-22,104.13
2012-06-21,105.47
2012-06-20,96.41
2012-06-19,98.13
2012-06-18,99.3
2012-06-15,108.23
2012-06-14,107.78
2012-06-13,110.6
2012-06-12,103.22
2012-06-11,105.51
2012-06-08,96.6
2012-06-07,98.36
2012-06-06,97.71
2012-06-05,102.78
2012-06-04,107.04
2012-06-01,111.41
2012-05-31,108.75
2012-05-30,109.73
2012-05-29,100.98
2012-05-25,103.1
2012-05-24,104.52
2012-05-23,107.48
2012-05-22,110.48
2012-05-21,108.5
2012-05-18,117.44
2012-05-17,112.84
2012-05-16,109.22
2012-05-15,109.61
2012-05-14,105.85
2012-05-11,100.12
2012-05-10,98.65
2012-05-09,102.07
2012-05-08,91.33
2012-05-07,90.91
2012-05-04,91.31
2012-05-03,88.35
2012-05-02,86.29
2012-05-01,87.06
2012-04-30,89.32
2012-04-27,88.62
2012-04-26,89.65
2012-04-25,93.28
2012-04-24,99.84
2012-04-23,104.01
2012-04-20,101.08
2012-04-19,103.96
2012-04-18,106.06
2012-04-17,107.01
2012-04-16,110.97
2012-04-13,110.76
2012-04-12,104.27
2012-04-11,111.19
2012-04-10,109.13
2012-04-09,104.59
2012-04-05,99.47
2012-04-04,99.73
2012-04-03,98.37
2012-04-02,100.38
2012-03-30,100.28
2012-03-29,101.94
2012-03-28,102.74
2012-03-27,101.15
2012-03-26,96.08
2012-03-23,98.6
2012-03-22,102.53
2012-03-21,104.65
2012-03-20,109.38
2012-03-19,106.49
2012-03-16,105.78
2012-03-15,108.42
2012-03-14,106.63
2012-03-13,98.47
2012-03-12,98.61
2012-03-09,97.98
2012-03-08,97.19
2012-03-07,100.46
2012-03-06,105.11
2012-03-05,98.18
2012-03-02,96.94
2012-03-01,97.43
2012-02-29,101.6
2012-02-28,99.13
2012-02-27,101.68
2012-02-24,99.43
2012-02-23,94.44
2012-02-22,100.81
2012-02-21,107.71
2012-02-17,108.56
2012-02-16,110.41
2012-02-15,114.65
2012-02-14,107.82
2012-02-13,102.45
2012-02-10,104.15
2012-02-09,100.76
2012-02-08,97.01
2012-02-07,83.79
2012-02-06,85.38
2012-02-03,84.04
2012-02-02,84.1
2012-02-01,85.78
2012-01-31,88.51
2012-01-30,89.86
2012-01-27,87.44
2012-01-26,88.92
2012-01-25,86.01
2012-01-24,89.01
2012-01-23,89.59
2012-01-20,89.24
2012-01-19,88.73
2012-01-18,90.09
2012-01-17,93.66
2012-01-13,93.55
2012-01-12,90.51
2012-01-11,93.17
2012-01-10,88.82
2012-01-09,87.8
2012-01-06,86.95
2012-01-05,87.69
2012-01-04,88.89
2012-01-03,91.39
2011-12-30,91.7
2011-12-29,91.8
2011-12-28,94.08
2011-12-27,88.13
2011-12-23,86.54
2011-12-22,86.18
2011-12-21,85.54
2011-12-20,88.64
2011-12-19,90.27
2011-12-16,94.28
2011-12-15,97.71
2011-12-14,99.63
2011-12-13,94.55
2011-12-12,93.21
2011-12-09,90.92
2011-12-08,94.97
2011-12-07,92.84
2011-12-06,92.21
2011-12-05,92.97
2011-12-02,92.46
2011-12-01,90.88
2011-11-30,92.22
2011-11-29,95.47
2011-11-28,96.23
2011-11-25,98.98
2011-11-23,101.46
2011-11-22,98.53
2011-11-21,99.6
2011-11-18,101.92
2011-11-17,111.86
2011-11-16,111.18
2011-11-15,107.55
2011-11-14,112.35
2011-11-11,112.1
2011-11-10,113.54
2011-11-09,122.73
2011-11-08,98.05
2011-11-07,103.35
2011-11-04,103.34
2011-11-03,104.28
2011-11-02,107.4
2011-11-01,113.15
2011-10-31,104.84
2011-10-28,94.19
2011-10-27,94.44
2011-10-26,97.74
2011-10-25,97.75
2011-10-24,97.13
2011-10-21,98.05
2011-10-20,102.97
2011-10-19,103.29
2011-10-18,100.21
2011-10-17,103.55
2011-10-14,94.69
2011-10-13,95.1
2011-10-12,91.34
2011-10-11,90.98
2011-10-10,89.39
2011-10-07,92.57
2011-10-06,93.52
2011-10-05,94.66
2011-10-04,99.31
2011-10-03,103.89
2011-09-30,101.08
2011-09-29,101.05
2011-09-28,104.3
2011-09-27,100.31
2011-09-26,102.89
2011-09-23,104.77
2011-09-22,103.91
2011-09-21,98.58
2011-09-20,92.9
2011-09-19,95.95
2011-09-16,93.67
2011-09-15,96.69
2011-09-14,100.22
2011-09-13,96.14
2011-09-12,97.07
2011-09-09,99.07
2011-09-08,93.45
2011-09-07,93.3
2011-09-06,97.01
2011-09-02,91
2011-09-01,92.31
2011-08-31,94.16
2011-08-30,96.16
2011-08-29,96.51
2011-08-26,104.72
2011-08-25,112.4
2011-08-24,104.54
2011-08-23,103.43
2011-08-22,111.25
2011-08-19,111.58
2011-08-18,106.66
2011-08-17,104.62
2011-08-16,104.66
2011-08-15,109
2011-08-12,120.19
2011-08-11,128.76
2011-08-10,132.86
2011-08-09,112.8
2011-08-08,134.63
2011-08-05,118.61
2011-08-04,121.76
2011-08-03,98.58
2011-08-02,102.01
2011-08-01,95.89
2011-07-29,106.57
2011-07-28,105.62
2011-07-27,102.01
2011-07-26,93.35
2011-07-25,90.2
2011-07-22,82.45
2011-07-21,81.68
2011-07-20,86.06
2011-07-19,91.01
2011-07-18,97.81
2011-07-15,89.33
2011-07-14,95.72
2011-07-13,88.92
2011-07-12,88.39
2011-07-11,90.87
2011-07-08,80.82
2011-07-07,80.7
2011-07-06,82.69
2011-07-05,81.34
2011-07-01,78.64
2011-06-30,81.08
2011-06-29,85.9
2011-06-28,90.33
2011-06-27,94.29
2011-06-24,99.14
2011-06-23,93.09
2011-06-22,91.71
2011-06-21,90.55
2011-06-20,90.25
2011-06-17,95.31
2011-06-16,100.39
2011-06-15,105.07
2011-06-14,91.74
2011-06-13,98.35
2011-06-10,93.34
2011-06-09,85.65
2011-06-08,88.98
2011-06-07,83.72
2011-06-06,88.15
2011-06-03,85.54
2011-06-02,85.22
2011-06-01,87.59
2011-05-31,80.92
2011-05-27,81.46
2011-05-26,81.48
2011-05-25,85.29
2011-05-24,88.47
2011-05-23,92.08
2011-05-20,90.23
2011-05-19,87.53
2011-05-18,90.7
2011-05-17,93.64
2011-05-16,94.44
2011-05-13,93.86
2011-05-12,93.57
2011-05-11,96.25
2011-05-10,87.56
2011-05-09,90.86
2011-05-06,94.43
2011-05-05,95.08
2011-05-04,91.39
2011-05-03,90.62
2011-05-02,88.5
2011-04-29,83.98
2011-04-28,82.89
2011-04-27,83.21
2011-04-26,85.72
2011-04-25,87.68
2011-04-21,87.71
2011-04-20,86.21
2011-04-19,85.73
2011-04-18,89.11
2011-04-15,85.72
2011-04-14,86.07
2011-04-13,86.04
2011-04-12,85.36
2011-04-11,84.16
2011-04-08,83.43
2011-04-07,82.39
2011-04-06,83.22
2011-04-05,81.44
2011-04-04,81.84
2011-04-01,81.98
2011-03-31,82.51
2011-03-30,82.75
2011-03-29,84.96
2011-03-28,89.94
2011-03-25,84.53
2011-03-24,84.17
2011-03-23,84.77
2011-03-22,87.39
2011-03-21,89.17
2011-03-18,96.28
2011-03-17,101.45
2011-03-16,112.39
2011-03-15,89.68
2011-03-14,83.89
2011-03-11,83.21
2011-03-10,88.16
2011-03-09,84.89
2011-03-08,80.84
2011-03-07,84.32
2011-03-04,81.48
2011-03-03,82.36
2011-03-02,87.55
2011-03-01,89.28
2011-02-28,81.78
2011-02-25,86.17
2011-02-24,94.07
2011-02-23,99.04
2011-02-22,99.18
2011-02-18,85.47
2011-02-17,83.03
2011-02-16,83.05
2011-02-15,84.38
2011-02-14,82.67
2011-02-11,84.5
2011-02-10,83.73
2011-02-09,82.11
2011-02-08,78.93
2011-02-07,80.54
2011-02-04,81.11
2011-02-03,81.75
2011-02-02,83.16
2011-02-01,84.48
2011-01-31,86.08
2011-01-28,91.52
2011-01-27,77.04
2011-01-26,79.43
2011-01-25,82.67
2011-01-24,82.97
2011-01-21,85.41
2011-01-20,82.69
2011-01-19,83.7
2011-01-18,79.77
2011-01-14,75.94
2011-01-13,78.64
2011-01-12,77.94
2011-01-11,79.82
2011-01-10,81.65
2011-01-07,83.73
2011-01-06,84.6
2011-01-05,84.7
2011-01-04,85.25
2011-01-03,84.8
2010-12-31,86.36
2010-12-30,86.52
2010-12-29,85.71
2010-12-28,86.34
2010-12-27,87.44
2010-12-23,86.74
2010-12-22,86.03
2010-12-21,84.38
2010-12-20,84.09
2010-12-17,86.62
2010-12-16,81.32
2010-12-15,83.42
2010-12-14,81.67
2010-12-13,81.67
2010-12-10,79.36
2010-12-09,79.8
2010-12-08,81.8
2010-12-07,82.66
2010-12-06,82.6
2010-12-03,84.28
2010-12-02,87.74
2010-12-01,92.03
2010-11-30,95.73
2010-11-29,89.01
2010-11-26,90.55
2010-11-24,81.55
2010-11-23,87.44
2010-11-22,78.39
2010-11-19,84.73
2010-11-18,83.92
2010-11-17,89.25
2010-11-16,93.65
2010-11-15,88.13
2010-11-12,88.18
2010-11-10,83.07
2010-11-09,76.49
2010-11-08,73.67
2010-11-05,74.02
2010-11-04,70.78
2010-11-03,76.57
2010-11-02,80.18
2010-11-01,79.72
2010-10-29,77.46
2010-10-28,78.47
2010-10-27,80.42
2010-10-26,82.79
2010-10-25,82.02
2010-10-22,81.97
2010-10-21,83.59
2010-10-20,85.48
2010-10-19,91.53
2010-10-18,91.75
2010-10-15,89.82
2010-10-14,87.14
2010-10-13,88.72
2010-10-12,84.77
2010-10-11,84.75
2010-10-08,81.41
2010-10-07,80.7
2010-10-06,81.05
2010-10-05,82.62
2010-10-04,86.22
2010-10-01,84.08
2010-09-30,86.49
2010-09-29,83.35
2010-09-28,83.62
2010-09-27,82.62
2010-09-24,80
2010-09-23,83.02
2010-09-22,81.86
2010-09-21,80.97
2010-09-20,81.5
2010-09-17,85.45
2010-09-16,87.63
2010-09-15,88.4
2010-09-14,87.95
2010-09-13,87.33
2010-09-10,87.6
2010-09-09,87.97
2010-09-08,89.88
2010-09-07,78.98
2010-09-03,76.64
2010-09-02,79.05
2010-09-01,78.28
2010-08-31,81.49
2010-08-30,82.52
2010-08-27,79
2010-08-26,82.95
2010-08-25,82.64
2010-08-24,85.7
2010-08-23,87.66
2010-08-20,89.34
2010-08-19,91.96
2010-08-18,91.3
2010-08-17,93.25
2010-08-16,98.73
2010-08-13,99.54
2010-08-12,99.75
2010-08-11,102.65
2010-08-10,90.35
2010-08-09,87.86
2010-08-06,87.44
2010-08-05,86.52
2010-08-04,85.05
2010-08-03,85.04
2010-08-02,85.02
2010-07-30,89.55
2010-07-29,90.62
2010-07-28,90.71
2010-07-27,90.14
2010-07-26,88.55
2010-07-23,89.9
2010-07-22,93.2
2010-07-21,97.02
2010-07-20,98.89
2010-07-19,102.58
2010-07-16,101.57
2010-07-15,97.75
2010-07-14,96.13
2010-07-13,90.8
2010-07-12,91.75
2010-07-09,88.58
2010-07-08,89.85
2010-07-07,92.14
2010-07-06,97.58
2010-07-02,97.19
2010-07-01,100.69
2010-06-30,105.16
2010-06-29,104
2010-06-28,99.01
2010-06-25,97.51
2010-06-24,103.69
2010-06-23,98.93
2010-06-22,101.65
2010-06-21,96.01
2010-06-18,92.36
2010-06-17,89.65
2010-06-16,93.67
2010-06-15,99
2010-06-14,99.92
2010-06-11,103.69
2010-06-10,108.61
2010-06-09,111.77
2010-06-08,101.79
2010-06-07,102.76
2010-06-04,103.31
2010-06-03,95.61
2010-06-02,98.02
2010-06-01,109.92
2010-05-28,110.13
2010-05-27,107.64
2010-05-26,115.68
2010-05-25,119.36
2010-05-24,123.87
2010-05-21,130.67
2010-05-20,145.12
2010-05-19,128.44
2010-05-18,135.82
2010-05-17,120.97
2010-05-14,128.34
2010-05-13,123.17
2010-05-12,116.53
2010-05-11,113.95
2010-05-10,110.96
2010-05-07,135.38
2010-05-06,125.36
2010-05-05,105.59
2010-05-04,101.88
2010-05-03,95.68
2010-04-30,101.41
2010-04-29,92.44
2010-04-28,101.7
2010-04-27,103.23
2010-04-26,87.53
2010-04-23,88.14
2010-04-22,85.76
2010-04-21,83.89
2010-04-20,79.65
2010-04-19,81.72
2010-04-16,86.29
2010-04-15,83.1
2010-04-14,83.31
2010-04-13,79.97
2010-04-12,80.06
2010-04-09,78.24
2010-04-08,77.06
2010-04-07,78.16
2010-04-06,76.82
2010-04-05,76.97
2010-04-01,78.29
2010-03-31,77.49
2010-03-30,76.91
2010-03-29,78.75
2010-03-26,81.56
2010-03-25,83.82
2010-03-24,80.68
2010-03-23,78.31
2010-03-22,77.75
2010-03-19,76.68
2010-03-18,76.46
2010-03-17,73.16
2010-03-16,76.41
2010-03-15,75.22
2010-03-12,73.74
2010-03-11,76.16
2010-03-10,76.2
2010-03-09,71.49
2010-03-08,70.9
2010-03-05,71.06
2010-03-04,70.51
2010-03-03,72.61
2010-03-02,73.43
2010-03-01,73.24
2010-02-26,73.13
2010-02-25,75.3
2010-02-24,75.93
2010-02-23,77.82
2010-02-22,75.44
2010-02-19,77.97
2010-02-18,79.2
2010-02-17,80.29
2010-02-16,81.77
2010-02-12,88.16
2010-02-11,89.59
2010-02-10,92.18
2010-02-09,88.8
2010-02-08,90.01
2010-02-05,88.22
2010-02-04,91.42
2010-02-03,80.55
2010-02-02,80.98
2010-02-01,83.73
2010-01-29,89
2010-01-28,87.91
2010-01-27,85.86
2010-01-26,90.04
2010-01-25,90.58
2010-01-22,100.06
2010-01-21,88.82
2010-01-20,80.36
2010-01-19,73.5
2010-01-15,74.27
2010-01-14,74.52
2010-01-13,75.53
2010-01-12,70.42
2010-01-11,64.87
2010-01-08,65.71
2010-01-07,67.15
2010-01-06,67.65
2010-01-05,70.36
2010-01-04,73.3
2009-12-31,74.99
2009-12-30,70.36
2009-12-29,69.1
2009-12-28,69.89
2009-12-24,68.81
2009-12-23,69.81
2009-12-22,71.45
2009-12-21,79.62
2009-12-18,81.75
2009-12-17,83.56
2009-12-16,82.05
2009-12-15,80.99
2009-12-14,81.64
2009-12-11,82.87
2009-12-10,84.56
2009-12-09,84.93
2009-12-08,79.57
2009-12-07,77.75
2009-12-04,77.18
2009-12-03,78.52
2009-12-02,78.26
2009-12-01,80.74
2009-11-30,81.58
2009-11-27,83.24
2009-11-25,73.91
2009-11-24,75.05
2009-11-23,75.84
2009-11-20,75.56
2009-11-19,79.27
2009-11-18,79.15
2009-11-17,83.97
2009-11-16,83.31
2009-11-13,80.28
2009-11-12,80.77
2009-11-11,73.05
2009-11-10,68.49
2009-11-09,68.83
2009-11-06,73.72
2009-11-05,79.1
2009-11-04,85.97
2009-11-03,90.16
2009-11-02,91.98
2009-10-30,89.9
2009-10-29,78.1
2009-10-28,85.43
2009-10-27,80.41
2009-10-26,82.28
2009-10-23,79.88
2009-10-22,77.6
2009-10-21,78.16
2009-10-20,68.63
2009-10-19,67.76
2009-10-16,69.85
2009-10-15,67.07
2009-10-14,68.84
2009-10-13,64.97
2009-10-12,64.97
2009-10-09,65.54
2009-10-08,68.1
2009-10-07,71.01
2009-10-06,71.5
2009-10-05,73.56
2009-10-02,76.13
2009-10-01,76.25
2009-09-30,71.32
2009-09-29,68.99
2009-09-28,70.54
2009-09-25,71.74
2009-09-24,70.78
2009-09-23,68.18
2009-09-22,68.26
2009-09-21,71
2009-09-18,70.39
2009-09-17,69.36
2009-09-16,71.7
2009-09-15,72.25
2009-09-14,71.14
2009-09-11,72.36
2009-09-10,71.39
2009-09-09,76.17
2009-09-08,75.69
2009-09-04,77.51
2009-09-03,75.48
2009-09-02,77.07
2009-09-01,81
2009-08-31,77.12
2009-08-28,74.41
2009-08-27,75.59
2009-08-26,77.97
2009-08-25,77.76
2009-08-24,78.47
2009-08-21,76.55
2009-08-20,76.7
2009-08-19,76.32
2009-08-18,81.11
2009-08-17,84.22
2009-08-14,80.45
2009-08-13,79.96
2009-08-12,81.28
2009-08-11,75.6
2009-08-10,72.59
2009-08-07,71.53
2009-08-06,73.17
2009-08-05,70.13
2009-08-04,71.05
2009-08-03,72.79
2009-07-31,73.47
2009-07-30,73.88
2009-07-29,77.1
2009-07-28,76.68
2009-07-27,74.35
2009-07-24,73.01
2009-07-23,72.8
2009-07-22,75.3
2009-07-21,80.45
2009-07-20,80.98
2009-07-17,82.49
2009-07-16,83.64
2009-07-15,85.64
2009-07-14,81.52
2009-07-13,80.58
2009-07-10,81.42
2009-07-09,82.88
2009-07-08,86.17
2009-07-07,85.63
2009-07-06,83.2
2009-07-02,81.32
2009-07-01,79.68
2009-06-30,79.6
2009-06-29,79.69
2009-06-26,77.6
2009-06-25,82.57
2009-06-24,83.96
2009-06-23,85.64
2009-06-22,86.1
2009-06-19,84.15
2009-06-18,83.87
2009-06-17,86.49
2009-06-16,88.49
2009-06-15,85.05
2009-06-12,85.43
2009-06-11,85.22
2009-06-10,86.92
2009-06-09,81.64
2009-06-08,82.69
2009-06-05,82.11
2009-06-04,81.26
2009-06-03,84.89
2009-06-02,83.82
2009-06-01,84.23
2009-05-29,83.91
2009-05-28,88.19
2009-05-27,90.86
2009-05-26,91.23
2009-05-22,87.28
2009-05-21,84.69
2009-05-20,77.45
2009-05-19,74.4
2009-05-18,76.41
2009-05-15,80.29
2009-05-14,79.38
2009-05-13,81.87
2009-05-12,77.53
2009-05-11,76.86
2009-05-08,74.66
2009-05-07,72.79
2009-05-06,71.15
2009-05-05,70.77
2009-05-04,70.36
2009-05-01,69.82
2009-04-30,71.42
2009-04-29,72.12
2009-04-28,74.22
2009-04-27,74.16
2009-04-24,72.04
2009-04-23,72.81
2009-04-22,75.52
2009-04-21,75.48
2009-04-20,75.48
2009-04-17,68.92
2009-04-16,69.72
2009-04-15,64.95
2009-04-14,65.79
2009-04-13,67.51
2009-04-09,65.22
2009-04-08,68.72
2009-04-07,66.39
2009-04-06,68.26
2009-04-03,67.86
2009-04-02,69.61
2009-04-01,70.39
2009-03-31,72.71
2009-03-30,74.68
2009-03-27,71.68
2009-03-26,70.97
2009-03-25,71.76
2009-03-24,70.16
2009-03-23,71.39
2009-03-20,73.11
2009-03-19,73.56
2009-03-18,74.8
2009-03-17,75.21
2009-03-16,80.07
2009-03-13,78.13
2009-03-12,81.81
2009-03-11,85.35
2009-03-10,85.36
2009-03-09,90.09
2009-03-06,88.26
2009-03-05,89.88
2009-03-04,85.6
2009-03-03,90.75
2009-03-02,93.86
2009-02-27,91.08
2009-02-26,89.37
2009-02-25,88.93
2009-02-24,89.13
2009-02-23,93.02
2009-02-20,90.66
2009-02-19,88.27
2009-02-18,89.11
2009-02-17,95.07
2009-02-13,91.93
2009-02-12,91.04
2009-02-11,94.67
2009-02-10,95.98
2009-02-09,94.38
2009-02-06,94.01
2009-02-05,92.26
2009-02-04,91.57
2009-02-03,92.25
2009-02-02,96.48
2009-01-30,98.72
2009-01-29,98.98
2009-01-28,98.22
2009-01-27,95.48
2009-01-26,96.17
2009-01-23,95.7
2009-01-22,98.87
2009-01-21,100.81
2009-01-20,104.02
2009-01-16,98.79
2009-01-15,96.44
2009-01-14,99.88
2009-01-13,92.5
2009-01-12,93.26
2009-01-09,91.52
2009-01-08,93.14
2009-01-07,93.99
2009-01-06,90.33
2009-01-05,90.89
2009-01-02,84.41
2008-12-31,85.6
2008-12-30,80.89
2008-12-29,83.96
2008-12-26,83.74
2008-12-24,85.1
2008-12-23,86.39
2008-12-22,87.04
2008-12-19,87.69
2008-12-18,81.26
2008-12-17,75.17
2008-12-16,79.99
2008-12-15,82.03
2008-12-12,86.27
2008-12-11,88.68
2008-12-10,86.46
2008-12-09,80.75
2008-12-08,82.1
2008-12-05,82.9
2008-12-04,83.94
2008-12-03,84.72
2008-12-02,87.08
2008-12-01,90.49
2008-11-28,88.41
2008-11-26,89.32
2008-11-25,90.28
2008-11-24,92.31
2008-11-21,99.48
2008-11-20,106.71
2008-11-19,102.48
2008-11-18,106.9
2008-11-17,115.1
2008-11-14,118.34
2008-11-13,117.12
2008-11-12,123.26
2008-11-11,114.11
2008-11-10,116.53
2008-11-07,116.37
2008-11-06,125
2008-11-05,117.03
2008-11-04,116.29
2008-11-03,116.19
2008-10-31,116.94
2008-10-30,121.52
2008-10-29,124.73
2008-10-28,127.46
2008-10-27,134.87
2008-10-24,128.09
2008-10-23,121.61
2008-10-22,123.31
2008-10-21,114.28
2008-10-20,115.98
2008-10-17,117.45
2008-10-16,119.48
2008-10-15,114.93
2008-10-14,105.64
2008-10-13,110.07
2008-10-10,116
2008-10-09,108.05
2008-10-08,104.99
2008-10-07,106.47
2008-10-06,104.82
2008-10-03,94.68
2008-10-02,95.29
2008-10-01,89.76
2008-09-30,92.23
2008-09-29,99.86
2008-09-26,87.81
2008-09-25,82.96
2008-09-24,86.66
2008-09-23,84.77
2008-09-22,83.92
2008-09-19,79.37
2008-09-18,89.33
2008-09-17,93.04
2008-09-16,74.38
2008-09-15,79.37
2008-09-12,70.26
2008-09-11,71.03
2008-09-10,70.63
2008-09-09,70.68
2008-09-08,67.94
2008-09-05,70.39
2008-09-04,72.38
2008-09-03,69.93
2008-09-02,69.65
2008-08-29,68.07
2008-08-28,68.05
2008-08-27,72
2008-08-26,73.14
2008-08-25,77.03
2008-08-22,73.56
2008-08-21,73.75
2008-08-20,73.42
2008-08-19,77.5
2008-08-18,72.85
2008-08-15,74.1
2008-08-14,74.37
2008-08-13,79.41
2008-08-12,72.4
2008-08-11,75.59
2008-08-08,73.05
2008-08-07,73.11
2008-08-06,71.6
2008-08-05,70.28
2008-08-04,73.17
2008-08-01,72.73
2008-07-31,72.95
2008-07-30,67.21
2008-07-29,71.03
2008-07-28,74.9
2008-07-25,73.7
2008-07-24,74.9
2008-07-23,67.25
2008-07-22,68.39
2008-07-21,71.6
2008-07-18,70.29
2008-07-17,72.46
2008-07-16,73.22
2008-07-15,73.07
2008-07-14,78.83
2008-07-11,77.18
2008-07-10,79.94
2008-07-09,81.69
2008-07-08,76.03
2008-07-07,75.43
2008-07-03,76.44
2008-07-02,79.19
2008-07-01,79.44
2008-06-30,79.66
2008-06-27,79.54
2008-06-26,79.87
2008-06-25,76.01
2008-06-24,77.41
2008-06-23,78.37
2008-06-20,78.35
2008-06-19,77.91
2008-06-18,81.56
2008-06-17,80.89
2008-06-16,84.17
2008-06-13,86.91
2008-06-12,92.41
2008-06-11,93.87
2008-06-10,91.98
2008-06-09,92.23
2008-06-06,88.78
2008-06-05,79.35
2008-06-04,81.04
2008-06-03,79.72
2008-06-02,78.6
2008-05-30,73.46
2008-05-29,74.2
2008-05-28,77.7
2008-05-27,79.35
2008-05-23,79.63
2008-05-22,83.62
2008-05-21,80.12
2008-05-20,79.8
2008-05-19,76.63
2008-05-16,75.77
2008-05-15,71.16
2008-05-14,71.18
2008-05-13,68.62
2008-05-12,72
2008-05-09,73.79
2008-05-08,73.45
2008-05-07,72.82
2008-05-06,69.04
2008-05-05,70.1
2008-05-02,63.68
2008-05-01,63.06
2008-04-30,64.69
2008-04-29,65.42
2008-04-28,66.48
2008-04-25,65.99
2008-04-24,62.75
2008-04-23,59.74
2008-04-22,62.84
2008-04-21,63.43
2008-04-18,62.09
2008-04-17,65.09
2008-04-16,66.36
2008-04-15,68.15
2008-04-14,72.39
2008-04-11,74.74
2008-04-10,75.47
2008-04-09,75.24
2008-04-08,67.3
2008-04-07,67.4
2008-04-04,64.56
2008-04-03,66.11
2008-04-02,67.61
2008-04-01,66.96
2008-03-31,67.64
2008-03-28,68.79
2008-03-27,69
2008-03-26,69.56
2008-03-25,68.65
2008-03-24,68.82
2008-03-20,66.97
2008-03-19,70.5
2008-03-18,72.97
2008-03-17,80.71
2008-03-14,80.99
2008-03-13,75.56
2008-03-12,73.94
2008-03-11,73.76
2008-03-10,77.45
2008-03-07,76.02
2008-03-06,74.53
2008-03-05,68.51
2008-03-04,69.95
2008-03-03,71.02
2008-02-29,69.81
2008-02-28,66.61
2008-02-27,67.56
2008-02-26,68.59
2008-02-25,68.92
2008-02-22,65.47
2008-02-21,69.65
2008-02-20,71.29
2008-02-19,69.6
2008-02-15,74.72
2008-02-14,69.23
2008-02-13,71.44
2008-02-12,72.52
2008-02-11,71.41
2008-02-08,72.6
2008-02-07,72
2008-02-06,74.63
2008-02-05,75.06
2008-02-04,73.9
2008-02-01,73.94
2008-01-31,75.21
2008-01-30,76.41
2008-01-29,77.46
2008-01-28,76.43
2008-01-25,79
2008-01-24,81.31
2008-01-23,82.68
2008-01-22,86.58
2008-01-18,77.24
2008-01-17,84.99
2008-01-16,80.51
2008-01-15,81.13
2008-01-14,86.96
2008-01-11,84.66
2008-01-10,84.98
2008-01-09,89.37
2008-01-08,79.59
2008-01-07,79.51
2008-01-04,81.46
2008-01-03,79.33
2008-01-02,80.58
2007-12-31,82.19
2007-12-28,84.03
2007-12-27,84.36
2007-12-26,80.79
2007-12-24,79.85
2007-12-21,82.87
2007-12-20,79.44
2007-12-19,83.47
2007-12-18,80.83
2007-12-17,85.38
2007-12-14,85.82
2007-12-13,88.19
2007-12-12,89.41
2007-12-11,82.58
2007-12-10,81.5
2007-12-07,82.47
2007-12-06,81.51
2007-12-05,83.08
2007-12-04,86.85
2007-12-03,87.45
2007-11-30,88.88
2007-11-29,91.08
2007-11-28,91.62
2007-11-27,90.7
2007-11-26,91.55
2007-11-23,89.62
2007-11-21,94.49
2007-11-20,91.34
2007-11-19,91.13
2007-11-16,92.8
2007-11-15,92.96
2007-11-14,94.39
2007-11-13,92.58
2007-11-12,98.09
2007-11-09,97.86
2007-11-08,97.36
2007-11-07,98.17
2007-11-06,92.7
2007-11-05,97.29
2007-11-02,97.46
2007-11-01,97.53
2007-10-31,93.62
2007-10-30,100.37
2007-10-29,95.01
2007-10-26,95.36
2007-10-25,90.82
2007-10-24,89.14
2007-10-23,86.42
2007-10-22,88.17
2007-10-19,91.56
2007-10-18,83.37
2007-10-17,89.48
2007-10-16,91.47
2007-10-15,86.18
2007-10-12,90.63
2007-10-11,95.78
2007-10-10,87.46
2007-10-09,79.93
2007-10-08,84.96
2007-10-05,83.91
2007-10-04,89.38
2007-10-03,87.65
2007-10-02,88.74
2007-10-01,84.48
2007-09-28,87.13
2007-09-27,87.57
2007-09-26,89.49
2007-09-25,94.33
2007-09-24,94.27
2007-09-21,98.14
2007-09-20,97.38
2007-09-19,97.7
2007-09-18,92.33
2007-09-17,102.22
2007-09-14,104.39
2007-09-13,104.63
2007-09-12,106.95
2007-09-11,103.75
2007-09-10,107.07
2007-09-07,108.22
2007-09-06,106.6
2007-09-05,107.91
2007-09-04,104.87
2007-08-31,109.27
2007-08-30,112.66
2007-08-29,113.22
2007-08-28,119.79
2007-08-27,115.24
2007-08-24,111.95
2007-08-23,117.42
2007-08-22,117.47
2007-08-21,122.6
2007-08-20,125.04
2007-08-17,133.87
2007-08-16,142.99
2007-08-15,121.67
2007-08-14,114.96
2007-08-13,108.57
2007-08-10,108.91
2007-08-09,99.87
2007-08-08,82.52
2007-08-07,85.96
2007-08-06,95.22
2007-08-03,104.05
2007-08-02,100.8
2007-08-01,108.86
2007-07-31,104.08
2007-07-30,97.45
2007-07-27,97.23
2007-07-26,87.38
2007-07-25,75.31
2007-07-24,79.32
2007-07-23,74.56
2007-07-20,73.76
2007-07-19,72.02
2007-07-18,73.57
2007-07-17,72.41
2007-07-16,72.56
2007-07-13,76.65
2007-07-12,76.6
2007-07-11,81.55
2007-07-10,79.99
2007-07-09,73.05
2007-07-06,74.85
2007-07-05,75.86
2007-07-03,74.63
2007-07-02,75.56
2007-06-29,76.94
2007-06-28,76.04
2007-06-27,78.48
2007-06-26,82.01
2007-06-25,78.07
2007-06-22,78.35
2007-06-21,74.76
2007-06-20,76.8
2007-06-19,67.24
2007-06-18,66.76
2007-06-15,64.03
2007-06-14,63.52
2007-06-13,68.81
2007-06-12,69.48
2007-06-11,68.73
2007-06-08,70.69
2007-06-07,75.83
2007-06-06,72.06
2007-06-05,69.24
2007-06-04,70.74
2007-06-01,70.19
2007-05-31,72.2
2007-05-30,71.61
2007-05-29,72.48
2007-05-25,72.42
2007-05-24,74.36
2007-05-23,71.44
2007-05-22,72.36
2007-05-21,71.82
2007-05-18,75.43
2007-05-17,72.94
2007-05-16,70.26
2007-05-15,76.68
2007-05-14,82.02
2007-05-11,79.47
2007-05-10,83.58
2007-05-09,85.89
2007-05-08,79.9
2007-05-07,78.51
2007-05-04,77.1
2007-05-03,78.81
2007-05-02,82.59
2007-05-01,81.28
2007-04-30,85.33
2007-04-27,80.66
2007-04-26,81.67
2007-04-25,80.79
2007-04-24,77.83
2007-04-23,79.33
2007-04-20,79.18
2007-04-19,77.91
2007-04-18,80.59
2007-04-17,83.68
2007-04-16,83.98
2007-04-13,88.71
2007-04-12,91.38
2007-04-11,93.47
2007-04-10,87.37
2007-04-09,92.3
2007-04-05,93.6
2007-04-04,96.12
2007-04-03,94.98
2007-04-02,98.92
2007-03-30,99.78
2007-03-29,102.31
2007-03-28,104.79
2007-03-27,101
2007-03-26,95.95
2007-03-23,96.37
2007-03-22,95.52
2007-03-21,94.13
2007-03-20,89.55
2007-03-19,93.9
2007-03-16,102.74
2007-03-15,99.55
2007-03-14,98.08
2007-03-13,94.53
2007-03-12,90.02
2007-03-09,91.82
2007-03-08,93.97
2007-03-07,94.41
2007-03-06,93.65
2007-03-05,101.2
2007-03-02,104.17
2007-03-01,99.47
2007-02-28,91.64
2007-02-27,110.42
2007-02-26,70.33
2007-02-23,70.71
2007-02-22,66.05
2007-02-21,67.37
2007-02-20,65.87
2007-02-16,70.74
2007-02-15,70.34
2007-02-14,74
2007-02-13,75.72
2007-02-12,79.12
2007-02-09,74.39
2007-02-08,73.18
2007-02-07,70.32
2007-02-06,68.55
2007-02-05,70.29
2007-02-02,72.44
2007-02-01,73.5
2007-01-31,77.28
2007-01-30,78.9
2007-01-29,81.68
2007-01-26,81.36
2007-01-25,80.45
2007-01-24,77.51
2007-01-23,81.48
2007-01-22,84.43
2007-01-19,82.49
2007-01-18,83.66
2007-01-17,84.93
2007-01-16,85.3
2007-01-12,85.18
2007-01-11,85.97
2007-01-10,93.78
2007-01-09,92.76
2007-01-08,92.04
2007-01-05,90.17
2007-01-04,88.19
2007-01-03,87.63
